판매_시도,판매_시군구,에너지_시군구코드,매칭유형
강원특별자치도,강릉시,51150,exact
강원특별자치도,고성군,51820,exact
강원특별자치도,동해시,51170,exact
강원특별자치도,삼척시,51230,exact
강원특별자치도,속초시,51210,exact
강원특별자치도,양구군,51800,exact
강원특별자치도,양양군,51830,exact
강원특별자치도,영월군,51750,exact
강원특별자치도,원주시,51130,exact
강원특별자치도,인제군,51810,exact
강원특별자치도,정선군,51770,exact
강원특별자치도,철원군,51780,exact
강원특별자치도,춘천시,51110,exact
강원특별자치도,태백시,51190,exact
강원특별자치도,평창군,51760,exact
강원특별자치도,홍천군,51720,exact
강원특별자치도,화천군,51790,exact
강원특별자치도,횡성군,51730,exact
경기도,가평군,41820,exact
경기도,고양시,41281,district:고양시 덕양구
경기도,고양시,41285,district:고양시 일산동구
경기도,고양시,41287,district:고양시 일산서구
경기도,과천시,41290,exact
경기도,광명시,41210,exact
경기도,광주시,41610,exact
경기도,구리시,41310,exact
경기도,군포시,41410,exact
경기도,김포시,41570,exact
경기도,남양주시,41360,exact
경기도,동두천시,41250,exact
경기도,부천시,41192,district:부천시 원미구
경기도,부천시,41194,district:부천시 소사구
경기도,부천시,41196,district:부천시 오정구
경기도,성남시,41131,district:성남시 수정구
경기도,성남시,41133,district:성남시 중원구
경기도,성남시,41135,district:성남시 분당구
경기도,수원시,41111,district:수원시 장안구
경기도,수원시,41113,district:수원시 권선구
경기도,수원시,41115,district:수원시 팔달구
경기도,수원시,41117,district:수원시 영통구
경기도,시흥시,41390,exact
경기도,안산시,41271,district:안산시 상록구
경기도,안산시,41273,district:안산시 단원구
경기도,안성시,41550,exact
경기도,안양시,41171,district:안양시 만안구
경기도,안양시,41173,district:안양시 동안구
경기도,양주시,41630,exact
경기도,양평군,41830,exact
경기도,여주시,41670,exact
경기도,연천군,41800,exact
경기도,오산시,41370,exact
경기도,용인시,41461,district:용인시 처인구
경기도,용인시,41463,district:용인시 기흥구
경기도,용인시,41465,district:용인시 수지구
경기도,의왕시,41430,exact
경기도,의정부시,41150,exact
경기도,이천시,41500,exact
경기도,파주시,41480,exact
경기도,평택시,41220,exact
경기도,포천시,41650,exact
경기도,하남시,41450,exact
경기도,화성시,41590,exact
경상남도,거제시,48310,exact
경상남도,거창군,48880,exact
경상남도,고성군,48820,exact
경상남도,김해시,48250,exact
경상남도,남해군,48840,exact
경상남도,밀양시,48270,exact
경상남도,사천시,48240,exact
경상남도,산청군,48860,exact
경상남도,양산시,48330,exact
경상남도,의령군,48720,exact
경상남도,진주시,48170,exact
경상남도,창녕군,48740,exact
경상남도,창원시,48121,district:창원시 의창구
경상남도,창원시,48123,district:창원시 성산구
경상남도,창원시,48125,district:창원시 마산합포구
경상남도,창원시,48127,district:창원시 마산회원구
경상남도,창원시,48129,district:창원시 진해구
경상남도,통영시,48220,exact
경상남도,하동군,48850,exact
경상남도,함안군,48730,exact
경상남도,함양군,48870,exact
경상남도,합천군,48890,exact
경상북도,경산시,47290,exact
경상북도,경주시,47130,exact
경상북도,고령군,47830,exact
경상북도,구미시,47190,exact
경상북도,김천시,47150,exact
경상북도,문경시,47280,exact
경상북도,봉화군,47920,exact
경상북도,상주시,47250,exact
경상북도,성주군,47840,exact
경상북도,안동시,47170,exact
경상북도,영덕군,47770,exact
경상북도,영양군,47760,exact
경상북도,영주시,47210,exact
경상북도,영천시,47230,exact
경상북도,예천군,47900,exact
경상북도,울릉군,47940,exact
경상북도,울진군,47930,exact
경상북도,의성군,47730,exact
경상북도,청도군,47820,exact
경상북도,청송군,47750,exact
경상북도,칠곡군,47850,exact
경상북도,포항시,47111,district:포항시 남구
경상북도,포항시,47113,district:포항시 북구
광주광역시,광산구,29200,exact
광주광역시,남구,29155,exact
광주광역시,동구,29110,exact
광주광역시,북구,29170,exact
광주광역시,서구,29140,exact
대구광역시,군위군,27720,exact
대구광역시,남구,27200,exact
대구광역시,달서구,27290,exact
대구광역시,달성군,27710,exact
대구광역시,동구,27140,exact
대구광역시,북구,27230,exact
대구광역시,서구,27170,exact
대구광역시,수성구,27260,exact
대구광역시,중구,27110,exact
대전광역시,대덕구,30230,exact
대전광역시,동구,30110,exact
대전광역시,서구,30170,exact
대전광역시,유성구,30200,exact
대전광역시,중구,30140,exact
부산광역시,강서구,26440,exact
부산광역시,금정구,26410,exact
부산광역시,기장군,26710,exact
부산광역시,남구,26290,exact
부산광역시,동구,26170,exact
부산광역시,동래구,26260,exact
부산광역시,부산진구,26230,exact
부산광역시,북구,26320,exact
부산광역시,사상구,26530,exact
부산광역시,사하구,26380,exact
부산광역시,서구,26140,exact
부산광역시,수영구,26500,exact
부산광역시,연제구,26470,exact
부산광역시,영도구,26200,exact
부산광역시,중구,26110,exact
부산광역시,해운대구,26350,exact
서울특별시,강남구,11680,exact
서울특별시,강동구,11740,exact
서울특별시,강북구,11305,exact
서울특별시,강서구,11500,exact
서울특별시,관악구,11620,exact
서울특별시,광진구,11215,exact
서울특별시,구로구,11530,exact
서울특별시,금천구,11545,exact
서울특별시,노원구,11350,exact
서울특별시,도봉구,11320,exact
서울특별시,동대문구,11230,exact
서울특별시,동작구,11590,exact
서울특별시,마포구,11440,exact
서울특별시,서대문구,11410,exact
서울특별시,서초구,11650,exact
서울특별시,성동구,11200,exact
서울특별시,성북구,11290,exact
서울특별시,송파구,11710,exact
서울특별시,양천구,11470,exact
서울특별시,영등포구,11560,exact
서울특별시,용산구,11170,exact
서울특별시,은평구,11380,exact
서울특별시,종로구,11110,exact
서울특별시,중구,11140,exact
서울특별시,중랑구,11260,exact
세종특별자치시,세종시,36110,alias:세종특별자치시 세종특별자치시
울산광역시,남구,31140,exact
울산광역시,동구,31170,exact
울산광역시,북구,31200,exact
울산광역시,울주군,31710,exact
울산광역시,중구,31110,exact
인천광역시,강화군,28710,exact
인천광역시,계양구,28245,exact
인천광역시,남동구,28200,exact
인천광역시,동구,28140,exact
인천광역시,미추홀구,28177,exact
인천광역시,부평구,28237,exact
인천광역시,서구,28260,exact
인천광역시,연수구,28185,exact
인천광역시,옹진군,28720,exact
인천광역시,중구,28110,exact
전라남도,강진군,46810,exact
전라남도,고흥군,46770,exact
전라남도,곡성군,46720,exact
전라남도,광양시,46230,exact
전라남도,구례군,46730,exact
전라남도,나주시,46170,exact
전라남도,담양군,46710,exact
전라남도,목포시,46110,exact
전라남도,무안군,46840,exact
전라남도,보성군,46780,exact
전라남도,순천시,46150,exact
전라남도,신안군,46910,exact
전라남도,여수시,46130,exact
전라남도,영광군,46870,exact
전라남도,영암군,46830,exact
전라남도,완도군,46890,exact
전라남도,장성군,46880,exact
전라남도,장흥군,46800,exact
전라남도,진도군,46900,exact
전라남도,함평군,46860,exact
전라남도,해남군,46820,exact
전라남도,화순군,46790,exact
전라북도,고창군,52790,alias:전북특별자치도 고창군
전라북도,군산시,52130,alias:전북특별자치도 군산시
전라북도,김제시,52210,alias:전북특별자치도 김제시
전라북도,남원시,52190,alias:전북특별자치도 남원시
전라북도,무주군,52730,alias:전북특별자치도 무주군
전라북도,부안군,52800,alias:전북특별자치도 부안군
전라북도,순창군,52770,alias:전북특별자치도 순창군
전라북도,완주군,52710,alias:전북특별자치도 완주군
전라북도,익산시,52140,alias:전북특별자치도 익산시
전라북도,임실군,52750,alias:전북특별자치도 임실군
전라북도,장수군,52740,alias:전북특별자치도 장수군
전라북도,전주시,52111,district:전주시 완산구
전라북도,전주시,52113,district:전주시 덕진구
전라북도,정읍시,52180,alias:전북특별자치도 정읍시
전라북도,진안군,52720,alias:전북특별자치도 진안군
전북특별자치도,고창군,52790,exact
전북특별자치도,군산시,52130,exact
전북특별자치도,김제시,52210,exact
전북특별자치도,남원시,52190,exact
전북특별자치도,무주군,52730,exact
전북특별자치도,부안군,52800,exact
전북특별자치도,순창군,52770,exact
전북특별자치도,완주군,52710,exact
전북특별자치도,익산시,52140,exact
전북특별자치도,임실군,52750,exact
전북특별자치도,장수군,52740,exact
전북특별자치도,전주시,52111,district:전주시 완산구
전북특별자치도,전주시,52113,district:전주시 덕진구
전북특별자치도,정읍시,52180,exact
전북특별자치도,진안군,52720,exact
제주특별자치도,서귀포시,50130,exact
제주특별자치도,제주시,50110,exact
충청남도,계룡시,44250,exact
충청남도,공주시,44150,exact
충청남도,금산군,44710,exact
충청남도,논산시,44230,exact
충청남도,당진시,44270,exact
충청남도,보령시,44180,exact
충청남도,부여군,44760,exact
충청남도,서산시,44210,exact
충청남도,서천군,44770,exact
충청남도,아산시,44200,exact
충청남도,예산군,44810,exact
충청남도,천안시,44131,district:천안시 동남구
충청남도,천안시,44133,district:천안시 서북구
충청남도,청양군,44790,exact
충청남도,태안군,44825,exact
충청남도,홍성군,44800,exact
충청북도,괴산군,43760,exact
충청북도,단양군,43800,exact
충청북도,보은군,43720,exact
충청북도,영동군,43740,exact
충청북도,옥천군,43730,exact
충청북도,음성군,43770,exact
충청북도,제천시,43150,exact
충청북도,증평군,43745,exact
충청북도,진천군,43750,exact
충청북도,청주시,43111,district:청주시 상당구
충청북도,청주시,43112,district:청주시 서원구
충청북도,청주시,43113,district:청주시 흥덕구
충청북도,청주시,43114,district:청주시 청원구
충청북도,충주시,43130,exact
